9gag.com,3min31
abs-cbn.com,2min16
activision.com,
adf.ly,11min3
adidas,4min34
adobe.com,8min48
aenetworks.com,9min5
akc.org,7min49
alibaba.com,6min21
aliexpress.com,
amazon.com,7min16
americanmediainc.com,5min37
amtrak,15min34
aol.com,4min7
apartments.com,5min18
apple.com,6min53
ask.com,7min11
atlanticrecords.com,7min3
att.com,35min29
baidu,1min5
bankofamerica.com,8min1
battle.net,8min12
bbc.co.uk,15min18
bet.com,20min17
bet365.com,2min52
billboard.com,2min27
bitcoin.com,3min36
blackboard.com,6min30
blastingnews.com,5min56
bleacherreport.com,9min58
blogspot.com,16min7
booking.com,11min5
buzzfeed.com,8min33
chase.com,5min1
cnet.com,11min33
cnn.com,10min33
cocacola,10min19
coindesk.com,3min45
commonsensemedia.org,17min21
condenast.com,5min6
conservativereview.com,3min54
cutestat.com,2min20
dailymotion.com,2min12
delta,17min38
deviantart.com,3min44
diply.com,2min20
discordapp.com,3min30
discovery.com,8min31
disqus.com,6min1
doubleclick.net,14min4
dropbox.com,35min57
dummies.com,5min19
espncricinfo,5min28
facebook.com,8min15
fandango.com,7min58
fatsecret.com,2min47
flipkart.com,4min22
ford.com,12min11
foxnews.com,6min15
fullscreendirect.com,4min42
generalmills.com,9min21
getcake.com,5min23
goodreads.com,5min1
greyhound,11min23
grubhub,4min7
gucci.com,17min47
hbo.com,6min51
huffingtonpost.com,
ikea.com,5min5
imdb.com,3min30
indeed.com,32min27
indiatimes.com,4min21
instagram.com,8min8
kayak.com,6min6
kaylaitsines.com,6min40
kia.com,8min44
lego.com,14min7
lg.com,6min6
mcdonalds.com,12min38
medium.com,3min6
meredith.com,15min10
merriamwebster,4min55
messenger.com,7min14
metropcs.mobi,12min55
mlb.com,4min37
movieweb.com,3min54
mozilla.org,3min43
msdonalds.com,
myway.com,8min9
netflix.com,6min23
nike,6min56
nsf,3min59
nymag.com,7min44
nytimes.com,9min55
paypal.com,8min19
pepsico.com,2min46
petfinder,6min12
pinterest.com,7min58
pncbank.com,8min23
politico.com,6min8
popads.net,1min41
popcash.net,6min2
popsugar.com,7min5
premierleague,4min29
puppyfind.com,4min9
purch.com,10min27
quora.com,4min55
razerzone.com,
reimageplus.com,6min45
roblox.com,6min2
savefrom.net,5min57
slack.com,6min14
slideshare.net,38min
snapchat,7min20
soundcloud.com,12min58
southwest,12min47
specturm,3min48
speedtest.net,13min7
stackoverflow.com,
starbucks.com,8min12
t.co,5min33
techdirt.com,5min49
tesco.com,
tesla.com,28min51
thehistorymakers.org,2min7
theredup.com,7min18
timeinc.com,7min27
totallyhermedia.com,5min23
trello.com,7min6
tripadvisor.com,7min46
tumblr.com,6min17
twitch.tv,4min13
twitter.com,
uber.com,15min42
uefa.com,7min54
usatoday.com,6min58
vimeo.com,6min9
w3schools.com,4min36
walmart.com,16min49
warnerbros.com,5min34
warnerbrosrecords.com,8min11
washingtonpost.com,7min9
weather.com,8min56
wendys.com,8min24
wetransfer.com,14min8
wordpress.com,3min5
yahoo.com,6min36
yelp.com,4min52
youtube.com,18min46
zillow.com,7min9
zipcar.com,4min34
zomato,12min36